phc_id,district,state,latitude,longitude,beds,staff,utilization,medicine,stock,daily_demand,stock_days
PHC-001,Hyderabad,Telangana,17.2,78.2,14,10,0.613,Paracetamol,4607,350.1,13.2
PHC-001,Hyderabad,Telangana,17.2,78.2,14,10,0.613,ORS,3059,173.8,17.6
PHC-001,Hyderabad,Telangana,17.2,78.2,14,10,0.613,Amoxicillin,2272,155.9,14.6
PHC-001,Hyderabad,Telangana,17.2,78.2,14,10,0.613,Azithromycin,1070,116.3,9.2
PHC-001,Hyderabad,Telangana,17.2,78.2,14,10,0.613,IV Fluids,3566,211.9,16.8
PHC-002,Warangal,Andhra Pradesh,17.48,78.62,34,9,0.844,Paracetamol,2582,458.2,5.6
PHC-002,Warangal,Andhra Pradesh,17.48,78.62,34,9,0.844,ORS,1002,331.8,3.0
PHC-002,Warangal,Andhra Pradesh,17.48,78.62,34,9,0.844,Amoxicillin,2766,228.5,12.1
PHC-002,Warangal,Andhra Pradesh,17.48,78.62,34,9,0.844,Azithromycin,1208,157.5,7.7
PHC-002,Warangal,Andhra Pradesh,17.48,78.62,34,9,0.844,IV Fluids,4754,291.9,16.3
PHC-003,Visakhapatnam,Odisha,17.759999999999998,79.04,31,11,0.467,Paracetamol,715,264.9,2.7
PHC-003,Visakhapatnam,Odisha,17.759999999999998,79.04,31,11,0.467,ORS,2455,189.9,12.9
PHC-003,Visakhapatnam,Odisha,17.759999999999998,79.04,31,11,0.467,Amoxicillin,2788,159.5,17.5
PHC-003,Visakhapatnam,Odisha,17.759999999999998,79.04,31,11,0.467,Azithromycin,641,80.9,7.9
PHC-003,Visakhapatnam,Odisha,17.759999999999998,79.04,31,11,0.467,IV Fluids,804,160.0,5.0
PHC-004,Guntur,Telangana,18.04,79.46000000000001,25,5,0.635,Paracetamol,3765,296.1,12.7
PHC-004,Guntur,Telangana,18.04,79.46000000000001,25,5,0.635,ORS,4046,264.1,15.3
PHC-004,Guntur,Telangana,18.04,79.46000000000001,25,5,0.635,Amoxicillin,947,135.4,7.0
PHC-004,Guntur,Telangana,18.04,79.46000000000001,25,5,0.635,Azithromycin,1645,110.6,14.9
PHC-004,Guntur,Telangana,18.04,79.46000000000001,25,5,0.635,IV Fluids,1321,199.9,6.6
PHC-005,Koraput,Andhra Pradesh,18.32,79.88000000000001,18,10,0.434,Paracetamol,537,253.8,2.1
PHC-005,Koraput,Andhra Pradesh,18.32,79.88000000000001,18,10,0.434,ORS,2194,173.7,12.6
PHC-005,Koraput,Andhra Pradesh,18.32,79.88000000000001,18,10,0.434,Amoxicillin,1149,79.3,14.5
PHC-005,Koraput,Andhra Pradesh,18.32,79.88000000000001,18,10,0.434,Azithromycin,835,75.3,11.1
PHC-005,Koraput,Andhra Pradesh,18.32,79.88000000000001,18,10,0.434,IV Fluids,489,127.7,3.8
PHC-006,Cuttack,Odisha,18.599999999999998,80.3,24,10,0.633,Paracetamol,3687,259.0,14.2
PHC-006,Cuttack,Odisha,18.599999999999998,80.3,24,10,0.633,ORS,2663,245.4,10.9
PHC-006,Cuttack,Odisha,18.599999999999998,80.3,24,10,0.633,Amoxicillin,1183,172.4,6.9
PHC-006,Cuttack,Odisha,18.599999999999998,80.3,24,10,0.633,Azithromycin,1032,114.9,9.0
PHC-006,Cuttack,Odisha,18.599999999999998,80.3,24,10,0.633,IV Fluids,1855,217.4,8.5
PHC-007,Hyderabad,Telangana,18.88,78.2,40,11,0.49,Paracetamol,1409,216.7,6.5
PHC-007,Hyderabad,Telangana,18.88,78.2,40,11,0.49,ORS,2400,190.7,12.6
PHC-007,Hyderabad,Telangana,18.88,78.2,40,11,0.49,Amoxicillin,1658,114.0,14.5
PHC-007,Hyderabad,Telangana,18.88,78.2,40,11,0.49,Azithromycin,872,102.7,8.5
PHC-007,Hyderabad,Telangana,18.88,78.2,40,11,0.49,IV Fluids,763,163.3,4.7
PHC-008,Warangal,Andhra Pradesh,19.16,78.62,21,4,0.404,Paracetamol,1505,160.3,9.4
PHC-008,Warangal,Andhra Pradesh,19.16,78.62,21,4,0.404,ORS,1394,139.3,10.0
PHC-008,Warangal,Andhra Pradesh,19.16,78.62,21,4,0.404,Amoxicillin,1453,110.6,13.1
PHC-008,Warangal,Andhra Pradesh,19.16,78.62,21,4,0.404,Azithromycin,703,86.9,8.1
PHC-008,Warangal,Andhra Pradesh,19.16,78.62,21,4,0.404,IV Fluids,1386,114.8,12.1
PHC-009,Visakhapatnam,Odisha,17.2,79.04,29,7,0.403,Paracetamol,2683,154.3,17.4
PHC-009,Visakhapatnam,Odisha,17.2,79.04,29,7,0.403,ORS,2179,165.1,13.2
PHC-009,Visakhapatnam,Odisha,17.2,79.04,29,7,0.403,Amoxicillin,1629,93.1,17.5
PHC-009,Visakhapatnam,Odisha,17.2,79.04,29,7,0.403,Azithromycin,957,71.1,13.5
PHC-009,Visakhapatnam,Odisha,17.2,79.04,29,7,0.403,IV Fluids,646,101.6,6.4
PHC-010,Guntur,Telangana,17.48,79.46000000000001,14,4,0.892,Paracetamol,2611,498.6,5.2
PHC-010,Guntur,Telangana,17.48,79.46000000000001,14,4,0.892,ORS,3966,352.0,11.3
PHC-010,Guntur,Telangana,17.48,79.46000000000001,14,4,0.892,Amoxicillin,3314,211.0,15.7
PHC-010,Guntur,Telangana,17.48,79.46000000000001,14,4,0.892,Azithromycin,2303,170.5,13.5
PHC-010,Guntur,Telangana,17.48,79.46000000000001,14,4,0.892,IV Fluids,3396,282.2,12.0
PHC-011,Koraput,Andhra Pradesh,17.759999999999998,79.88000000000001,16,9,0.74,Paracetamol,2960,342.2,8.7
PHC-011,Koraput,Andhra Pradesh,17.759999999999998,79.88000000000001,16,9,0.74,ORS,2850,287.9,9.9
PHC-011,Koraput,Andhra Pradesh,17.759999999999998,79.88000000000001,16,9,0.74,Amoxicillin,869,201.7,4.3
PHC-011,Koraput,Andhra Pradesh,17.759999999999998,79.88000000000001,16,9,0.74,Azithromycin,1856,162.8,11.4
PHC-011,Koraput,Andhra Pradesh,17.759999999999998,79.88000000000001,16,9,0.74,IV Fluids,3587,213.5,16.8
PHC-012,Cuttack,Odisha,18.04,80.3,40,9,0.558,Paracetamol,748,316.6,2.4
PHC-012,Cuttack,Odisha,18.04,80.3,40,9,0.558,ORS,1626,167.4,9.7
PHC-012,Cuttack,Odisha,18.04,80.3,40,9,0.558,Amoxicillin,484,145.8,3.3
PHC-012,Cuttack,Odisha,18.04,80.3,40,9,0.558,Azithromycin,1343,136.4,9.9
PHC-012,Cuttack,Odisha,18.04,80.3,40,9,0.558,IV Fluids,2043,183.3,11.1
PHC-013,Hyderabad,Telangana,18.32,78.2,27,8,0.51,Paracetamol,2391,231.5,10.3
PHC-013,Hyderabad,Telangana,18.32,78.2,27,8,0.51,ORS,411,175.3,2.3
PHC-013,Hyderabad,Telangana,18.32,78.2,27,8,0.51,Amoxicillin,2432,148.9,16.3
PHC-013,Hyderabad,Telangana,18.32,78.2,27,8,0.51,Azithromycin,1026,94.5,10.9
PHC-013,Hyderabad,Telangana,18.32,78.2,27,8,0.51,IV Fluids,1487,116.6,12.8
PHC-014,Warangal,Andhra Pradesh,18.599999999999998,78.62,15,6,0.746,Paracetamol,6595,461.3,14.3
PHC-014,Warangal,Andhra Pradesh,18.599999999999998,78.62,15,6,0.746,ORS,5217,313.2,16.7
PHC-014,Warangal,Andhra Pradesh,18.599999999999998,78.62,15,6,0.746,Amoxicillin,422,162.7,2.6
PHC-014,Warangal,Andhra Pradesh,18.599999999999998,78.62,15,6,0.746,Azithromycin,1036,130.7,7.9
PHC-014,Warangal,Andhra Pradesh,18.599999999999998,78.62,15,6,0.746,IV Fluids,3147,210.8,14.9
PHC-015,Visakhapatnam,Odisha,18.88,79.04,39,6,0.922,Paracetamol,5072,495.3,10.2
PHC-015,Visakhapatnam,Odisha,18.88,79.04,39,6,0.922,ORS,5925,349.0,17.0
PHC-015,Visakhapatnam,Odisha,18.88,79.04,39,6,0.922,Amoxicillin,650,239.4,2.7
PHC-015,Visakhapatnam,Odisha,18.88,79.04,39,6,0.922,Azithromycin,2797,156.5,17.9
PHC-015,Visakhapatnam,Odisha,18.88,79.04,39,6,0.922,IV Fluids,4053,290.0,14.0
PHC-016,Guntur,Telangana,19.16,79.46000000000001,36,12,0.886,Paracetamol,3334,472.6,7.1
PHC-016,Guntur,Telangana,19.16,79.46000000000001,36,12,0.886,ORS,4321,343.4,12.6
PHC-016,Guntur,Telangana,19.16,79.46000000000001,36,12,0.886,Amoxicillin,855,243.6,3.5
PHC-016,Guntur,Telangana,19.16,79.46000000000001,36,12,0.886,Azithromycin,1188,191.7,6.2
PHC-016,Guntur,Telangana,19.16,79.46000000000001,36,12,0.886,IV Fluids,1430,244.3,5.9
PHC-017,Koraput,Andhra Pradesh,17.2,79.88000000000001,12,5,0.849,Paracetamol,2112,433.8,4.9
PHC-017,Koraput,Andhra Pradesh,17.2,79.88000000000001,12,5,0.849,ORS,5868,366.9,16.0
PHC-017,Koraput,Andhra Pradesh,17.2,79.88000000000001,12,5,0.849,Amoxicillin,1673,240.3,7.0
PHC-017,Koraput,Andhra Pradesh,17.2,79.88000000000001,12,5,0.849,Azithromycin,3001,171.0,17.5
PHC-017,Koraput,Andhra Pradesh,17.2,79.88000000000001,12,5,0.849,IV Fluids,1131,263.0,4.3
PHC-018,Cuttack,Odisha,17.48,80.3,39,4,0.488,Paracetamol,3305,257.4,12.8
PHC-018,Cuttack,Odisha,17.48,80.3,39,4,0.488,ORS,1242,123.0,10.1
PHC-018,Cuttack,Odisha,17.48,80.3,39,4,0.488,Amoxicillin,1187,105.1,11.3
PHC-018,Cuttack,Odisha,17.48,80.3,39,4,0.488,Azithromycin,1179,79.3,14.9
PHC-018,Cuttack,Odisha,17.48,80.3,39,4,0.488,IV Fluids,2404,173.9,13.8
PHC-019,Hyderabad,Telangana,17.759999999999998,78.2,35,5,0.424,Paracetamol,2014,240.9,8.4
PHC-019,Hyderabad,Telangana,17.759999999999998,78.2,35,5,0.424,ORS,1484,151.3,9.8
PHC-019,Hyderabad,Telangana,17.759999999999998,78.2,35,5,0.424,Amoxicillin,2019,116.8,17.3
PHC-019,Hyderabad,Telangana,17.759999999999998,78.2,35,5,0.424,Azithromycin,1314,78.3,16.8
PHC-019,Hyderabad,Telangana,17.759999999999998,78.2,35,5,0.424,IV Fluids,1370,126.0,10.9
PHC-020,Warangal,Andhra Pradesh,18.04,78.62,16,9,0.414,Paracetamol,1904,218.8,8.7
PHC-020,Warangal,Andhra Pradesh,18.04,78.62,16,9,0.414,ORS,2695,233.7,11.5
PHC-020,Warangal,Andhra Pradesh,18.04,78.62,16,9,0.414,Amoxicillin,1283,86.3,14.9
PHC-020,Warangal,Andhra Pradesh,18.04,78.62,16,9,0.414,Azithromycin,819,56.3,14.6
PHC-020,Warangal,Andhra Pradesh,18.04,78.62,16,9,0.414,IV Fluids,509,136.0,3.7
PHC-021,Visakhapatnam,Odisha,18.32,79.04,20,11,0.828,Paracetamol,3580,341.3,10.5
PHC-021,Visakhapatnam,Odisha,18.32,79.04,20,11,0.828,ORS,4485,282.4,15.9
PHC-021,Visakhapatnam,Odisha,18.32,79.04,20,11,0.828,Amoxicillin,2160,251.2,8.6
PHC-021,Visakhapatnam,Odisha,18.32,79.04,20,11,0.828,Azithromycin,1790,144.0,12.4
PHC-021,Visakhapatnam,Odisha,18.32,79.04,20,11,0.828,IV Fluids,1973,213.1,9.3
PHC-022,Guntur,Telangana,18.599999999999998,79.46000000000001,27,6,0.492,Paracetamol,3166,210.2,15.1
PHC-022,Guntur,Telangana,18.599999999999998,79.46000000000001,27,6,0.492,ORS,843,275.3,3.1
PHC-022,Guntur,Telangana,18.599999999999998,79.46000000000001,27,6,0.492,Amoxicillin,501,115.6,4.3
PHC-022,Guntur,Telangana,18.599999999999998,79.46000000000001,27,6,0.492,Azithromycin,834,119.8,7.0
PHC-022,Guntur,Telangana,18.599999999999998,79.46000000000001,27,6,0.492,IV Fluids,2450,146.4,16.7
PHC-023,Koraput,Andhra Pradesh,18.88,79.88000000000001,29,5,0.521,Paracetamol,1020,265.3,3.8
PHC-023,Koraput,Andhra Pradesh,18.88,79.88000000000001,29,5,0.521,ORS,550,190.7,2.9
PHC-023,Koraput,Andhra Pradesh,18.88,79.88000000000001,29,5,0.521,Amoxicillin,384,134.9,2.9
PHC-023,Koraput,Andhra Pradesh,18.88,79.88000000000001,29,5,0.521,Azithromycin,1368,106.1,12.9
PHC-023,Koraput,Andhra Pradesh,18.88,79.88000000000001,29,5,0.521,IV Fluids,1171,165.3,7.1
PHC-024,Cuttack,Odisha,19.16,80.3,40,8,0.875,Paracetamol,1145,425.0,2.7
PHC-024,Cuttack,Odisha,19.16,80.3,40,8,0.875,ORS,1974,329.5,6.0
PHC-024,Cuttack,Odisha,19.16,80.3,40,8,0.875,Amoxicillin,2166,250.2,8.7
PHC-024,Cuttack,Odisha,19.16,80.3,40,8,0.875,Azithromycin,1233,154.7,8.0
PHC-024,Cuttack,Odisha,19.16,80.3,40,8,0.875,IV Fluids,1007,277.7,3.6
PHC-025,Hyderabad,Telangana,17.2,78.2,14,11,0.381,Paracetamol,782,218.2,3.6
PHC-025,Hyderabad,Telangana,17.2,78.2,14,11,0.381,ORS,2845,173.0,16.4
PHC-025,Hyderabad,Telangana,17.2,78.2,14,11,0.381,Amoxicillin,1084,73.1,14.8
PHC-025,Hyderabad,Telangana,17.2,78.2,14,11,0.381,Azithromycin,938,76.4,12.3
PHC-025,Hyderabad,Telangana,17.2,78.2,14,11,0.381,IV Fluids,460,110.9,4.2
PHC-026,Warangal,Andhra Pradesh,17.48,78.62,35,8,0.659,Paracetamol,3796,403.7,9.4
PHC-026,Warangal,Andhra Pradesh,17.48,78.62,35,8,0.659,ORS,2973,243.0,12.2
PHC-026,Warangal,Andhra Pradesh,17.48,78.62,35,8,0.659,Amoxicillin,722,170.6,4.2
PHC-026,Warangal,Andhra Pradesh,17.48,78.62,35,8,0.659,Azithromycin,853,98.4,8.7
PHC-026,Warangal,Andhra Pradesh,17.48,78.62,35,8,0.659,IV Fluids,1946,247.0,7.9
PHC-027,Visakhapatnam,Odisha,17.759999999999998,79.04,26,7,0.546,Paracetamol,3653,281.6,13.0
PHC-027,Visakhapatnam,Odisha,17.759999999999998,79.04,26,7,0.546,ORS,3393,197.5,17.2
PHC-027,Visakhapatnam,Odisha,17.759999999999998,79.04,26,7,0.546,Amoxicillin,1437,148.3,9.7
PHC-027,Visakhapatnam,Odisha,17.759999999999998,79.04,26,7,0.546,Azithromycin,1286,121.7,10.6
PHC-027,Visakhapatnam,Odisha,17.759999999999998,79.04,26,7,0.546,IV Fluids,2645,212.7,12.4
PHC-028,Guntur,Telangana,18.04,79.46000000000001,17,11,0.67,Paracetamol,2320,351.0,6.6
PHC-028,Guntur,Telangana,18.04,79.46000000000001,17,11,0.67,ORS,1490,284.5,5.2
PHC-028,Guntur,Telangana,18.04,79.46000000000001,17,11,0.67,Amoxicillin,2887,183.1,15.8
PHC-028,Guntur,Telangana,18.04,79.46000000000001,17,11,0.67,Azithromycin,1517,128.3,11.8
PHC-028,Guntur,Telangana,18.04,79.46000000000001,17,11,0.67,IV Fluids,3079,226.2,13.6
PHC-029,Koraput,Andhra Pradesh,18.32,79.88000000000001,28,4,0.912,Paracetamol,8172,471.2,17.3
PHC-029,Koraput,Andhra Pradesh,18.32,79.88000000000001,28,4,0.912,ORS,3801,330.6,11.5
PHC-029,Koraput,Andhra Pradesh,18.32,79.88000000000001,28,4,0.912,Amoxicillin,3542,240.6,14.7
PHC-029,Koraput,Andhra Pradesh,18.32,79.88000000000001,28,4,0.912,Azithromycin,955,157.8,6.1
PHC-029,Koraput,Andhra Pradesh,18.32,79.88000000000001,28,4,0.912,IV Fluids,888,252.4,3.5
PHC-030,Cuttack,Odisha,18.599999999999998,80.3,27,9,0.453,Paracetamol,3163,283.5,11.2
PHC-030,Cuttack,Odisha,18.599999999999998,80.3,27,9,0.453,ORS,1061,102.4,10.4
PHC-030,Cuttack,Odisha,18.599999999999998,80.3,27,9,0.453,Amoxicillin,1695,114.6,14.8
PHC-030,Cuttack,Odisha,18.599999999999998,80.3,27,9,0.453,Azithromycin,1282,110.6,11.6
PHC-030,Cuttack,Odisha,18.599999999999998,80.3,27,9,0.453,IV Fluids,492,125.7,3.9
PHC-031,Hyderabad,Telangana,18.88,78.2,34,5,0.403,Paracetamol,1954,224.7,8.7
PHC-031,Hyderabad,Telangana,18.88,78.2,34,5,0.403,ORS,1728,135.6,12.7
PHC-031,Hyderabad,Telangana,18.88,78.2,34,5,0.403,Amoxicillin,1998,122.0,16.4
PHC-031,Hyderabad,Telangana,18.88,78.2,34,5,0.403,Azithromycin,506,80.1,6.3
PHC-031,Hyderabad,Telangana,18.88,78.2,34,5,0.403,IV Fluids,727,103.4,7.0
PHC-032,Warangal,Andhra Pradesh,19.16,78.62,21,5,0.439,Paracetamol,2429,269.7,9.0
PHC-032,Warangal,Andhra Pradesh,19.16,78.62,21,5,0.439,ORS,2227,162.9,13.7
PHC-032,Warangal,Andhra Pradesh,19.16,78.62,21,5,0.439,Amoxicillin,1609,94.8,17.0
PHC-032,Warangal,Andhra Pradesh,19.16,78.62,21,5,0.439,Azithromycin,835,86.4,9.7
PHC-032,Warangal,Andhra Pradesh,19.16,78.62,21,5,0.439,IV Fluids,2423,136.3,17.8
PHC-033,Visakhapatnam,Odisha,17.2,79.04,12,10,0.921,Paracetamol,7832,501.8,15.6
PHC-033,Visakhapatnam,Odisha,17.2,79.04,12,10,0.921,ORS,1357,343.6,4.0
PHC-033,Visakhapatnam,Odisha,17.2,79.04,12,10,0.921,Amoxicillin,3403,262.3,13.0
PHC-033,Visakhapatnam,Odisha,17.2,79.04,12,10,0.921,Azithromycin,1636,176.6,9.3
PHC-033,Visakhapatnam,Odisha,17.2,79.04,12,10,0.921,IV Fluids,1652,245.7,6.7
PHC-034,Guntur,Telangana,17.48,79.46000000000001,40,8,0.615,Paracetamol,5647,338.3,16.7
PHC-034,Guntur,Telangana,17.48,79.46000000000001,40,8,0.615,ORS,913,242.2,3.8
PHC-034,Guntur,Telangana,17.48,79.46000000000001,40,8,0.615,Amoxicillin,1729,107.6,16.1
PHC-034,Guntur,Telangana,17.48,79.46000000000001,40,8,0.615,Azithromycin,1689,109.8,15.4
PHC-034,Guntur,Telangana,17.48,79.46000000000001,40,8,0.615,IV Fluids,3744,208.2,18.0
PHC-035,Koraput,Andhra Pradesh,17.759999999999998,79.88000000000001,12,9,0.74,Paracetamol,6810,416.5,16.4
PHC-035,Koraput,Andhra Pradesh,17.759999999999998,79.88000000000001,12,9,0.74,ORS,1740,297.3,5.9
PHC-035,Koraput,Andhra Pradesh,17.759999999999998,79.88000000000001,12,9,0.74,Amoxicillin,2617,181.4,14.4
PHC-035,Koraput,Andhra Pradesh,17.759999999999998,79.88000000000001,12,9,0.74,Azithromycin,2536,153.1,16.6
PHC-035,Koraput,Andhra Pradesh,17.759999999999998,79.88000000000001,12,9,0.74,IV Fluids,624,242.3,2.6
PHC-036,Cuttack,Odisha,18.04,80.3,12,4,0.381,Paracetamol,1707,115.2,14.8
PHC-036,Cuttack,Odisha,18.04,80.3,12,4,0.381,ORS,1554,99.7,15.6
PHC-036,Cuttack,Odisha,18.04,80.3,12,4,0.381,Amoxicillin,1210,81.7,14.8
PHC-036,Cuttack,Odisha,18.04,80.3,12,4,0.381,Azithromycin,976,68.1,14.4
PHC-036,Cuttack,Odisha,18.04,80.3,12,4,0.381,IV Fluids,2235,145.1,15.4
PHC-037,Hyderabad,Telangana,18.32,78.2,24,4,0.471,Paracetamol,3639,301.3,12.1
PHC-037,Hyderabad,Telangana,18.32,78.2,24,4,0.471,ORS,688,153.5,4.5
PHC-037,Hyderabad,Telangana,18.32,78.2,24,4,0.471,Amoxicillin,448,88.2,5.1
PHC-037,Hyderabad,Telangana,18.32,78.2,24,4,0.471,Azithromycin,1122,84.1,13.4
PHC-037,Hyderabad,Telangana,18.32,78.2,24,4,0.471,IV Fluids,2223,188.7,11.8
PHC-038,Warangal,Andhra Pradesh,18.599999999999998,78.62,26,4,0.72,Paracetamol,6362,394.0,16.1
PHC-038,Warangal,Andhra Pradesh,18.599999999999998,78.62,26,4,0.72,ORS,1039,217.9,4.8
PHC-038,Warangal,Andhra Pradesh,18.599999999999998,78.62,26,4,0.72,Amoxicillin,828,167.8,4.9
PHC-038,Warangal,Andhra Pradesh,18.599999999999998,78.62,26,4,0.72,Azithromycin,1125,120.5,9.3
PHC-038,Warangal,Andhra Pradesh,18.599999999999998,78.62,26,4,0.72,IV Fluids,2847,233.7,12.2
PHC-039,Visakhapatnam,Odisha,18.88,79.04,37,9,0.437,Paracetamol,1925,282.2,6.8
PHC-039,Visakhapatnam,Odisha,18.88,79.04,37,9,0.437,ORS,1599,121.2,13.2
PHC-039,Visakhapatnam,Odisha,18.88,79.04,37,9,0.437,Amoxicillin,1749,102.6,17.0
PHC-039,Visakhapatnam,Odisha,18.88,79.04,37,9,0.437,Azithromycin,900,88.9,10.1
PHC-039,Visakhapatnam,Odisha,18.88,79.04,37,9,0.437,IV Fluids,1381,144.1,9.6
PHC-040,Guntur,Telangana,19.16,79.46000000000001,15,5,0.43,Paracetamol,1584,230.5,6.9
PHC-040,Guntur,Telangana,19.16,79.46000000000001,15,5,0.43,ORS,1623,137.9,11.8
PHC-040,Guntur,Telangana,19.16,79.46000000000001,15,5,0.43,Amoxicillin,919,107.1,8.6
PHC-040,Guntur,Telangana,19.16,79.46000000000001,15,5,0.43,Azithromycin,378,69.1,5.5
PHC-040,Guntur,Telangana,19.16,79.46000000000001,15,5,0.43,IV Fluids,580,82.0,7.1
PHC-041,Koraput,Andhra Pradesh,17.2,79.88000000000001,38,4,0.601,Paracetamol,2205,393.1,5.6
PHC-041,Koraput,Andhra Pradesh,17.2,79.88000000000001,38,4,0.601,ORS,2201,199.1,11.1
PHC-041,Koraput,Andhra Pradesh,17.2,79.88000000000001,38,4,0.601,Amoxicillin,1757,142.1,12.4
PHC-041,Koraput,Andhra Pradesh,17.2,79.88000000000001,38,4,0.601,Azithromycin,826,117.0,7.1
PHC-041,Koraput,Andhra Pradesh,17.2,79.88000000000001,38,4,0.601,IV Fluids,1918,177.9,10.8
PHC-042,Cuttack,Odisha,17.48,80.3,17,7,0.726,Paracetamol,4952,485.4,10.2
PHC-042,Cuttack,Odisha,17.48,80.3,17,7,0.726,ORS,5167,319.3,16.2
PHC-042,Cuttack,Odisha,17.48,80.3,17,7,0.726,Amoxicillin,1941,193.0,10.1
PHC-042,Cuttack,Odisha,17.48,80.3,17,7,0.726,Azithromycin,2001,135.3,14.8
PHC-042,Cuttack,Odisha,17.48,80.3,17,7,0.726,IV Fluids,3627,235.6,15.4
PHC-043,Hyderabad,Telangana,17.759999999999998,78.2,23,8,0.42,Paracetamol,3803,245.8,15.5
PHC-043,Hyderabad,Telangana,17.759999999999998,78.2,23,8,0.42,ORS,1106,170.6,6.5
PHC-043,Hyderabad,Telangana,17.759999999999998,78.2,23,8,0.42,Amoxicillin,543,114.0,4.8
PHC-043,Hyderabad,Telangana,17.759999999999998,78.2,23,8,0.42,Azithromycin,1304,93.9,13.9
PHC-043,Hyderabad,Telangana,17.759999999999998,78.2,23,8,0.42,IV Fluids,1854,121.7,15.2
PHC-044,Warangal,Andhra Pradesh,18.04,78.62,32,11,0.573,Paracetamol,3894,335.4,11.6
PHC-044,Warangal,Andhra Pradesh,18.04,78.62,32,11,0.573,ORS,1349,172.2,7.8
PHC-044,Warangal,Andhra Pradesh,18.04,78.62,32,11,0.573,Amoxicillin,2374,132.5,17.9
PHC-044,Warangal,Andhra Pradesh,18.04,78.62,32,11,0.573,Azithromycin,805,115.5,7.0
PHC-044,Warangal,Andhra Pradesh,18.04,78.62,32,11,0.573,IV Fluids,2514,189.3,13.3
PHC-045,Visakhapatnam,Odisha,18.32,79.04,33,7,0.735,Paracetamol,2022,378.4,5.3
PHC-045,Visakhapatnam,Odisha,18.32,79.04,33,7,0.735,ORS,1337,289.6,4.6
PHC-045,Visakhapatnam,Odisha,18.32,79.04,33,7,0.735,Amoxicillin,2612,169.9,15.4
PHC-045,Visakhapatnam,Odisha,18.32,79.04,33,7,0.735,Azithromycin,1790,164.3,10.9
PHC-045,Visakhapatnam,Odisha,18.32,79.04,33,7,0.735,IV Fluids,3670,205.7,17.8
PHC-046,Guntur,Telangana,18.599999999999998,79.46000000000001,30,5,0.619,Paracetamol,995,303.4,3.3
PHC-046,Guntur,Telangana,18.599999999999998,79.46000000000001,30,5,0.619,ORS,2138,239.2,8.9
PHC-046,Guntur,Telangana,18.599999999999998,79.46000000000001,30,5,0.619,Amoxicillin,820,186.0,4.4
PHC-046,Guntur,Telangana,18.599999999999998,79.46000000000001,30,5,0.619,Azithromycin,1705,103.3,16.5
PHC-046,Guntur,Telangana,18.599999999999998,79.46000000000001,30,5,0.619,IV Fluids,1162,203.1,5.7
PHC-047,Koraput,Andhra Pradesh,18.88,79.88000000000001,17,6,0.644,Paracetamol,3785,382.7,9.9
PHC-047,Koraput,Andhra Pradesh,18.88,79.88000000000001,17,6,0.644,ORS,1302,220.9,5.9
PHC-047,Koraput,Andhra Pradesh,18.88,79.88000000000001,17,6,0.644,Amoxicillin,1763,144.5,12.2
PHC-047,Koraput,Andhra Pradesh,18.88,79.88000000000001,17,6,0.644,Azithromycin,1522,119.7,12.7
PHC-047,Koraput,Andhra Pradesh,18.88,79.88000000000001,17,6,0.644,IV Fluids,573,195.7,2.9
PHC-048,Cuttack,Odisha,19.16,80.3,33,7,0.674,Paracetamol,5861,377.9,15.5
PHC-048,Cuttack,Odisha,19.16,80.3,33,7,0.674,ORS,3902,272.9,14.3
PHC-048,Cuttack,Odisha,19.16,80.3,33,7,0.674,Amoxicillin,2107,209.1,10.1
PHC-048,Cuttack,Odisha,19.16,80.3,33,7,0.674,Azithromycin,1405,123.3,11.4
PHC-048,Cuttack,Odisha,19.16,80.3,33,7,0.674,IV Fluids,1365,183.3,7.4
